﻿<?xml version="1.0" encoding="utf-8"?>
<ButtonAndWheel>
  <ButtonWheelStringValues>
    <PrimaryButton>Primary Click (Left Click)</PrimaryButton>
    <SecondaryButton>Secondary Click (Right Click)</SecondaryButton>
    <DoubleClickButton>Double Click</DoubleClickButton>
    <FourthClickButton>Fourth Click (Back)</FourthClickButton>
    <FifthClickButton>Fifth Click (Forward)</FifthClickButton>
    <ScrollWheelClick>Middle Click (Autoscroll)</ScrollWheelClick>
    <ScrollWheel>Scroll</ScrollWheel>
  </ButtonWheelStringValues>
  <MotionValues>
    <CursorSensitivity>5</CursorSensitivity>
    <CursorAcceleration>2</CursorAcceleration>
    <ScrollSpeed>50</ScrollSpeed>
  </MotionValues>
</ButtonAndWheel>