﻿<?xml version="1.0" encoding="utf-8" standalone="yes"?>
<ButtonAndWheel>
  <ButtonWheelStringValues>
    <PrimaryButton>Primary Click (Left Click)</PrimaryButton>
    <SecondaryButton>Secondary Click (Right Click)</SecondaryButton>
    <DoubleClickButton>Double Click</DoubleClickButton>
    <FourthClickButton>Fourth Click (Back)</FourthClickButton>
    <FifthClickButton>Fifth Click (Forward)</FifthClickButton>
    <ScrollWheelClick>Middle Click (Autoscroll)</ScrollWheelClick>
    <ScrollWheel>Scroll</ScrollWheel>
  </ButtonWheelStringValues>
</ButtonAndWheel>